{"ContentRoots":["C:\\Users\\barsc\\Documents\\Projects\\mmogodsbot\\MMOGodsDiscordBot\\Api\\wwwroot\\","C:\\Users\\barsc\\Documents\\Projects\\mmogodsbot\\MMOGodsDiscordBot\\Api\\obj\\Debug\\net9.0\\scopedcss\\bundle\\","C:\\Users\\barsc\\Documents\\Projects\\mmogodsbot\\MMOGodsDiscordBot\\Api\\obj\\Debug\\net9.0\\compressed\\"],"Root":{"Children":{"app.css":{"Children":null,"Asset":{"ContentRootIndex":0,"SubPath":"app.css"},"Patterns":null},"favicon.png":{"Children":null,"Asset":{"ContentRootIndex":0,"SubPath":"favicon.png"},"Patterns":null},"lib":{"Children":{"bootstrap":{"Children":{"dist":{"Children":{"css":{"Children":{"bootstrap-grid.css":{"Children":null,"Asset":{"ContentRootIndex":0,"SubPath":"lib/bootstrap/dist/css/bootstrap-grid.css"},"Patterns":null},"bootstrap-grid.css.map":{"Children":null,"Asset":{"ContentRootIndex":0,"SubPath":"lib/bootstrap/dist/css/bootstrap-grid.css.map"},"Patterns":null},"bootstrap-grid.min.css":{"Children":null,"Asset":{"ContentRootIndex":0,"SubPath":"lib/bootstrap/dist/css/bootstrap-grid.min.css"},"Patterns":null},"bootstrap-grid.min.css.map":{"Children":null,"Asset":{"ContentRootIndex":0,"SubPath":"lib/bootstrap/dist/css/bootstrap-grid.min.css.map"},"Patterns":null},"bootstrap-grid.rtl.css":{"Children":null,"Asset":{"ContentRootIndex":0,"SubPath":"lib/bootstrap/dist/css/bootstrap-grid.rtl.css"},"Patterns":null},"bootstrap-grid.rtl.css.map":{"Children":null,"Asset":{"ContentRootIndex":0,"SubPath":"lib/bootstrap/dist/css/bootstrap-grid.rtl.css.map"},"Patterns":null},"bootstrap-grid.rtl.min.css":{"Children":null,"Asset":{"ContentRootIndex":0,"SubPath":"lib/bootstrap/dist/css/bootstrap-grid.rtl.min.css"},"Patterns":null},"bootstrap-grid.rtl.min.css.map":{"Children":null,"Asset":{"ContentRootIndex":0,"SubPath":"lib/bootstrap/dist/css/bootstrap-grid.rtl.min.css.map"},"Patterns":null},"bootstrap-reboot.css":{"Children":null,"Asset":{"ContentRootIndex":0,"SubPath":"lib/bootstrap/dist/css/bootstrap-reboot.css"},"Patterns":null},"bootstrap-reboot.css.map":{"Children":null,"Asset":{"ContentRootIndex":0,"SubPath":"lib/bootstrap/dist/css/bootstrap-reboot.css.map"},"Patterns":null},"bootstrap-reboot.min.css":{"Children":null,"Asset":{"ContentRootIndex":0,"SubPath":"lib/bootstrap/dist/css/bootstrap-reboot.min.css"},"Patterns":null},"bootstrap-reboot.min.css.map":{"Children":null,"Asset":{"ContentRootIndex":0,"SubPath":"lib/bootstrap/dist/css/bootstrap-reboot.min.css.map"},"Patterns":null},"bootstrap-reboot.rtl.css":{"Children":null,"Asset":{"ContentRootIndex":0,"SubPath":"lib/bootstrap/dist/css/bootstrap-reboot.rtl.css"},"Patterns":null},"bootstrap-reboot.rtl.css.map":{"Children":null,"Asset":{"ContentRootIndex":0,"SubPath":"lib/bootstrap/dist/css/bootstrap-reboot.rtl.css.map"},"Patterns":null},"bootstrap-reboot.rtl.min.css":{"Children":null,"Asset":{"ContentRootIndex":0,"SubPath":"lib/bootstrap/dist/css/bootstrap-reboot.rtl.min.css"},"Patterns":null},"bootstrap-reboot.rtl.min.css.map":{"Children":null,"Asset":{"ContentRootIndex":0,"SubPath":"lib/bootstrap/dist/css/bootstrap-reboot.rtl.min.css.map"},"Patterns":null},"bootstrap-utilities.css":{"Children":null,"Asset":{"ContentRootIndex":0,"SubPath":"lib/bootstrap/dist/css/bootstrap-utilities.css"},"Patterns":null},"bootstrap-utilities.css.map":{"Children":null,"Asset":{"ContentRootIndex":0,"SubPath":"lib/bootstrap/dist/css/bootstrap-utilities.css.map"},"Patterns":null},"bootstrap-utilities.min.css":{"Children":null,"Asset":{"ContentRootIndex":0,"SubPath":"lib/bootstrap/dist/css/bootstrap-utilities.min.css"},"Patterns":null},"bootstrap-utilities.min.css.map":{"Children":null,"Asset":{"ContentRootIndex":0,"SubPath":"lib/bootstrap/dist/css/bootstrap-utilities.min.css.map"},"Patterns":null},"bootstrap-utilities.rtl.css":{"Children":null,"Asset":{"ContentRootIndex":0,"SubPath":"lib/bootstrap/dist/css/bootstrap-utilities.rtl.css"},"Patterns":null},"bootstrap-utilities.rtl.css.map":{"Children":null,"Asset":{"ContentRootIndex":0,"SubPath":"lib/bootstrap/dist/css/bootstrap-utilities.rtl.css.map"},"Patterns":null},"bootstrap-utilities.rtl.min.css":{"Children":null,"Asset":{"ContentRootIndex":0,"SubPath":"lib/bootstrap/dist/css/bootstrap-utilities.rtl.min.css"},"Patterns":null},"bootstrap-utilities.rtl.min.css.map":{"Children":null,"Asset":{"ContentRootIndex":0,"SubPath":"lib/bootstrap/dist/css/bootstrap-utilities.rtl.min.css.map"},"Patterns":null},"bootstrap.css":{"Children":null,"Asset":{"ContentRootIndex":0,"SubPath":"lib/bootstrap/dist/css/bootstrap.css"},"Patterns":null},"bootstrap.css.map":{"Children":null,"Asset":{"ContentRootIndex":0,"SubPath":"lib/bootstrap/dist/css/bootstrap.css.map"},"Patterns":null},"bootstrap.min.css":{"Children":null,"Asset":{"ContentRootIndex":0,"SubPath":"lib/bootstrap/dist/css/bootstrap.min.css"},"Patterns":null},"bootstrap.min.css.map":{"Children":null,"Asset":{"ContentRootIndex":0,"SubPath":"lib/bootstrap/dist/css/bootstrap.min.css.map"},"Patterns":null},"bootstrap.rtl.css":{"Children":null,"Asset":{"ContentRootIndex":0,"SubPath":"lib/bootstrap/dist/css/bootstrap.rtl.css"},"Patterns":null},"bootstrap.rtl.css.map":{"Children":null,"Asset":{"ContentRootIndex":0,"SubPath":"lib/bootstrap/dist/css/bootstrap.rtl.css.map"},"Patterns":null},"bootstrap.rtl.min.css":{"Children":null,"Asset":{"ContentRootIndex":0,"SubPath":"lib/bootstrap/dist/css/bootstrap.rtl.min.css"},"Patterns":null},"bootstrap.rtl.min.css.map":{"Children":null,"Asset":{"ContentRootIndex":0,"SubPath":"lib/bootstrap/dist/css/bootstrap.rtl.min.css.map"},"Patterns":null},"bootstrap-grid.css.gz":{"Children":null,"Asset":{"ContentRootIndex":2,"SubPath":"mkq1zv1f80-t1cqhe9u97.gz"},"Patterns":null},"bootstrap-grid.css.map.gz":{"Children":null,"Asset":{"ContentRootIndex":2,"SubPath":"hlgqx86897-c2jlpeoesf.gz"},"Patterns":null},"bootstrap-grid.min.css.gz":{"Children":null,"Asset":{"ContentRootIndex":2,"SubPath":"kjchtx9xng-sejl45xvog.gz"},"Patterns":null},"bootstrap-grid.min.css.map.gz":{"Children":null,"Asset":{"ContentRootIndex":2,"SubPath":"yb7gjggpg2-aexeepp0ev.gz"},"Patterns":null},"bootstrap-grid.rtl.css.gz":{"Children":null,"Asset":{"ContentRootIndex":2,"SubPath":"8web7zw0iq-xvp3kq03qx.gz"},"Patterns":null},"bootstrap-grid.rtl.css.map.gz":{"Children":null,"Asset":{"ContentRootIndex":2,"SubPath":"al0x2e4hbl-ausgxo2sd3.gz"},"Patterns":null},"bootstrap-grid.rtl.min.css.gz":{"Children":null,"Asset":{"ContentRootIndex":2,"SubPath":"is8a2p4ktp-22vffe00uq.gz"},"Patterns":null},"bootstrap-grid.rtl.min.css.map.gz":{"Children":null,"Asset":{"ContentRootIndex":2,"SubPath":"k0k9twhx2u-cosvhxvwiu.gz"},"Patterns":null},"bootstrap-reboot.css.gz":{"Children":null,"Asset":{"ContentRootIndex":2,"SubPath":"7ggyna5oe7-qesaa3a1fm.gz"},"Patterns":null},"bootstrap-reboot.css.map.gz":{"Children":null,"Asset":{"ContentRootIndex":2,"SubPath":"0anx7znnbv-fvhpjtyr6v.gz"},"Patterns":null},"bootstrap-reboot.min.css.gz":{"Children":null,"Asset":{"ContentRootIndex":2,"SubPath":"i74b4wnpnw-tmc1g35s3z.gz"},"Patterns":null},"bootstrap-reboot.min.css.map.gz":{"Children":null,"Asset":{"ContentRootIndex":2,"SubPath":"imyv5i674b-fsbi9cje9m.gz"},"Patterns":null},"bootstrap-reboot.rtl.css.gz":{"Children":null,"Asset":{"ContentRootIndex":2,"SubPath":"hoequmnvhg-rxsg74s51o.gz"},"Patterns":null},"bootstrap-reboot.rtl.css.map.gz":{"Children":null,"Asset":{"ContentRootIndex":2,"SubPath":"mr2sf70lr2-ee0r1s7dh0.gz"},"Patterns":null},"bootstrap-reboot.rtl.min.css.gz":{"Children":null,"Asset":{"ContentRootIndex":2,"SubPath":"9my9zo94lr-q9ht133ko3.gz"},"Patterns":null},"bootstrap-reboot.rtl.min.css.map.gz":{"Children":null,"Asset":{"ContentRootIndex":2,"SubPath":"nt3vquyyp1-jd9uben2k1.gz"},"Patterns":null},"bootstrap-utilities.css.gz":{"Children":null,"Asset":{"ContentRootIndex":2,"SubPath":"84mt5bosao-gye83jo8yx.gz"},"Patterns":null},"bootstrap-utilities.css.map.gz":{"Children":null,"Asset":{"ContentRootIndex":2,"SubPath":"bb2zf1jzti-r4e9w2rdcm.gz"},"Patterns":null},"bootstrap-utilities.min.css.gz":{"Children":null,"Asset":{"ContentRootIndex":2,"SubPath":"zk1sj7c6lq-wl58j5mj3v.gz"},"Patterns":null},"bootstrap-utilities.min.css.map.gz":{"Children":null,"Asset":{"ContentRootIndex":2,"SubPath":"zkt9ha88x7-c2oey78nd0.gz"},"Patterns":null},"bootstrap-utilities.rtl.css.gz":{"Children":null,"Asset":{"ContentRootIndex":2,"SubPath":"6javunah5t-d4r6k3f320.gz"},"Patterns":null},"bootstrap-utilities.rtl.css.map.gz":{"Children":null,"Asset":{"ContentRootIndex":2,"SubPath":"do41mk5hhn-j5mq2jizvt.gz"},"Patterns":null},"bootstrap-utilities.rtl.min.css.gz":{"Children":null,"Asset":{"ContentRootIndex":2,"SubPath":"7udpvb9s28-keugtjm085.gz"},"Patterns":null},"bootstrap-utilities.rtl.min.css.map.gz":{"Children":null,"Asset":{"ContentRootIndex":2,"SubPath":"2ectp9tia7-nvvlpmu67g.gz"},"Patterns":null},"bootstrap.css.gz":{"Children":null,"Asset":{"ContentRootIndex":2,"SubPath":"rbk15zzdyt-zub09dkrxp.gz"},"Patterns":null},"bootstrap.css.map.gz":{"Children":null,"Asset":{"ContentRootIndex":2,"SubPath":"5tnwp6xhrl-pj5nd1wqec.gz"},"Patterns":null},"bootstrap.min.css.gz":{"Children":null,"Asset":{"ContentRootIndex":2,"SubPath":"671yqer60y-43atpzeawx.gz"},"Patterns":null},"bootstrap.min.css.map.gz":{"Children":null,"Asset":{"ContentRootIndex":2,"SubPath":"6amzmd4k0i-v0zj4ognzu.gz"},"Patterns":null},"bootstrap.rtl.css.gz":{"Children":null,"Asset":{"ContentRootIndex":2,"SubPath":"3sdo99k5wk-ynyaa8k90p.gz"},"Patterns":null},"bootstrap.rtl.css.map.gz":{"Children":null,"Asset":{"ContentRootIndex":2,"SubPath":"5y0vsiwcao-hrwsygsryq.gz"},"Patterns":null},"bootstrap.rtl.min.css.gz":{"Children":null,"Asset":{"ContentRootIndex":2,"SubPath":"v0sepowfxq-c63t5i9ira.gz"},"Patterns":null},"bootstrap.rtl.min.css.map.gz":{"Children":null,"Asset":{"ContentRootIndex":2,"SubPath":"u0rsl09w0q-ft3s53vfgj.gz"},"Patterns":null}},"Asset":null,"Patterns":null},"js":{"Children":{"bootstrap.bundle.js":{"Children":null,"Asset":{"ContentRootIndex":0,"SubPath":"lib/bootstrap/dist/js/bootstrap.bundle.js"},"Patterns":null},"bootstrap.bundle.js.map":{"Children":null,"Asset":{"ContentRootIndex":0,"SubPath":"lib/bootstrap/dist/js/bootstrap.bundle.js.map"},"Patterns":null},"bootstrap.bundle.min.js":{"Children":null,"Asset":{"ContentRootIndex":0,"SubPath":"lib/bootstrap/dist/js/bootstrap.bundle.min.js"},"Patterns":null},"bootstrap.bundle.min.js.map":{"Children":null,"Asset":{"ContentRootIndex":0,"SubPath":"lib/bootstrap/dist/js/bootstrap.bundle.min.js.map"},"Patterns":null},"bootstrap.esm.js":{"Children":null,"Asset":{"ContentRootIndex":0,"SubPath":"lib/bootstrap/dist/js/bootstrap.esm.js"},"Patterns":null},"bootstrap.esm.js.map":{"Children":null,"Asset":{"ContentRootIndex":0,"SubPath":"lib/bootstrap/dist/js/bootstrap.esm.js.map"},"Patterns":null},"bootstrap.esm.min.js":{"Children":null,"Asset":{"ContentRootIndex":0,"SubPath":"lib/bootstrap/dist/js/bootstrap.esm.min.js"},"Patterns":null},"bootstrap.esm.min.js.map":{"Children":null,"Asset":{"ContentRootIndex":0,"SubPath":"lib/bootstrap/dist/js/bootstrap.esm.min.js.map"},"Patterns":null},"bootstrap.js":{"Children":null,"Asset":{"ContentRootIndex":0,"SubPath":"lib/bootstrap/dist/js/bootstrap.js"},"Patterns":null},"bootstrap.js.map":{"Children":null,"Asset":{"ContentRootIndex":0,"SubPath":"lib/bootstrap/dist/js/bootstrap.js.map"},"Patterns":null},"bootstrap.min.js":{"Children":null,"Asset":{"ContentRootIndex":0,"SubPath":"lib/bootstrap/dist/js/bootstrap.min.js"},"Patterns":null},"bootstrap.min.js.map":{"Children":null,"Asset":{"ContentRootIndex":0,"SubPath":"lib/bootstrap/dist/js/bootstrap.min.js.map"},"Patterns":null},"bootstrap.bundle.js.gz":{"Children":null,"Asset":{"ContentRootIndex":2,"SubPath":"5b2kmur9yp-4094rpi4f9.gz"},"Patterns":null},"bootstrap.bundle.js.map.gz":{"Children":null,"Asset":{"ContentRootIndex":2,"SubPath":"vl3rgd79o6-6pdc2jztkx.gz"},"Patterns":null},"bootstrap.bundle.min.js.gz":{"Children":null,"Asset":{"ContentRootIndex":2,"SubPath":"1hvljnuyye-hd3gran6i8.gz"},"Patterns":null},"bootstrap.bundle.min.js.map.gz":{"Children":null,"Asset":{"ContentRootIndex":2,"SubPath":"ezzf0ay6yl-iovd86k7lj.gz"},"Patterns":null},"bootstrap.esm.js.gz":{"Children":null,"Asset":{"ContentRootIndex":2,"SubPath":"foiyfvwmkk-ltid2c489k.gz"},"Patterns":null},"bootstrap.esm.js.map.gz":{"Children":null,"Asset":{"ContentRootIndex":2,"SubPath":"g6c0c9i7xu-kbrnm935zg.gz"},"Patterns":null},"bootstrap.esm.min.js.gz":{"Children":null,"Asset":{"ContentRootIndex":2,"SubPath":"wuoxade1pr-8vyfqsqgz1.gz"},"Patterns":null},"bootstrap.esm.min.js.map.gz":{"Children":null,"Asset":{"ContentRootIndex":2,"SubPath":"m8sq8xib6b-y7v9cxd14o.gz"},"Patterns":null},"bootstrap.js.gz":{"Children":null,"Asset":{"ContentRootIndex":2,"SubPath":"ql0yt4mboj-u9q1upor1n.gz"},"Patterns":null},"bootstrap.js.map.gz":{"Children":null,"Asset":{"ContentRootIndex":2,"SubPath":"p96ogrtltm-h1s4sie4z3.gz"},"Patterns":null},"bootstrap.min.js.gz":{"Children":null,"Asset":{"ContentRootIndex":2,"SubPath":"9kt7966xzs-4d85u1mtcx.gz"},"Patterns":null},"bootstrap.min.js.map.gz":{"Children":null,"Asset":{"ContentRootIndex":2,"SubPath":"d1qlmzb2b9-0j3bgjxly4.gz"},"Patterns":null}},"Asset":null,"Patterns":null}},"Asset":null,"Patterns":null}},"Asset":null,"Patterns":null}},"Asset":null,"Patterns":null},"Api.styles.css":{"Children":null,"Asset":{"ContentRootIndex":1,"SubPath":"Api.styles.css"},"Patterns":null},"app.css.gz":{"Children":null,"Asset":{"ContentRootIndex":2,"SubPath":"fmxfo5ch3m-khy4lop6wu.gz"},"Patterns":null},"Api.styles.css.gz":{"Children":null,"Asset":{"ContentRootIndex":2,"SubPath":"rhn69c5ont-ltebv84oa6.gz"},"Patterns":null}},"Asset":null,"Patterns":[{"ContentRootIndex":0,"Pattern":"**","Depth":0}]}}